file_name,wheels_visible,human_visible
001.jpg,visible,not visible
002.jpg,visible,not visible
003.jpg,visible,visible
004.jpg,visible,not visible
005.jpg,visible,not visible
006.jpg,visible,not visible
007.jpg,visible,not visible
008.jpg,visible,not visible
009.jpg,visible,not visible
010.jpg,visible,not visible
011.jpg,visible,not visible
012.jpg,visible,not visible
013.jpg,visible,not visible
014.jpg,visible,not visible
015.jpg,visible,not visible
016.jpg,visible,not visible
017.jpg,visible,visible
018.jpg,visible,not visible
019.jpg,visible,not visible
020.jpg,not visible,not visible
021.jpg,visible,not visible
022.jpg,visible,not visible
023.jpg,not visible,not visible
024.jpg,not visible,not visible
025.jpg,not visible,not visible
026.jpg,visible,not visible
027.jpg,visible,not visible
028.jpg,visible,not visible
029.jpg,visible,not visible
030.jpg,visible,not visible
031.jpg,not visible,not visible
032.jpg,visible,not visible
033.jpg,visible,visible
034.jpg,not visible,visible
035.jpg,visible,not visible
036.jpg,not visible,not visible
037.jpg,visible,visible
038.jpg,visible,not visible
039.jpg,visible,not visible
040.jpg,not visible,not visible
041.jpg,visible,not visible
042.jpg,visible,not visible
043.jpg,visible,not visible
044.jpg,visible,not visible
045.jpg,visible,not visible
046.jpg,visible,visible
047.jpg,visible,not visible
048.jpg,not visible,not visible
049.jpg,visible,not visible
050.jpg,visible,not visible
051.jpg,visible,not visible
052.jpg,not visible,visible
053.jpg,visible,not visible
054.jpg,not visible,not visible
055.jpg,visible,not visible
056.jpg,visible,not visible
057.jpg,visible,not visible
058.jpg,visible,not visible
059.jpg,visible,not visible
060.jpg,visible,not visible
061.jpg,visible,visible
062.jpg,visible,not visible
063.jpg,visible,not visible
064.jpg,not visible,not visible
065.jpg,visible,not visible
066.jpg,visible,not visible
067.jpg,visible,not visible
068.jpg,visible,not visible
069.jpg,visible,not visible
070.jpg,visible,not visible
071.jpg,visible,visible
072.jpg,not visible,not visible
073.jpg,visible,visible
074.jpg,visible,not visible
075.jpg,visible,not visible
076.jpg,visible,not visible
077.jpg,visible,not visible
078.jpg,visible,visible
079.jpg,visible,not visible
080.jpg,visible,not visible
081.jpg,visible,not visible
082.jpg,visible,not visible
083.jpg,visible,not visible
084.jpg,visible,not visible
085.jpg,visible,not visible
086.jpg,visible,not visible
087.jpg,not visible,visible
088.jpg,visible,not visible
089.jpg,not visible,not visible
090.jpg,visible,not visible
091.jpg,visible,not visible
092.jpg,visible,not visible
093.jpg,visible,visible
094.jpg,visible,not visible
095.jpg,visible,not visible
096.jpg,visible,not visible
097.jpg,visible,visible
098.jpg,visible,not visible
099.jpg,visible,not visible
100.jpg,visible,not visible
101.jpg,visible,not visible
102.jpg,not visible,not visible
103.jpg,visible,not visible
104.jpg,visible,not visible
105.jpg,visible,visible
106.jpg,visible,not visible
107.jpg,visible,visible
108.jpg,visible,not visible
109.jpg,visible,not visible
110.jpg,visible,visible
111.jpg,not visible,visible
112.jpg,not visible,visible
113.jpg,not visible,visible
114.jpg,not visible,visible
115.jpg,not visible,visible
116.jpg,not visible,visible
117.jpg,not visible,visible
118.jpg,not visible,visible
119.jpg,not visible,visible
120.jpg,not visible,visible
